"source_file","series_id","upload_date","file_created","home_team","away_team","scoreboard_team","opponent","team_score","opponent_score","player","score","goals","assists","saves","shots","ping","needs_review"
"1_1782234033395.png","1","2026-06-23 13:00:33","2026-06-23 13:00:32","","","CROSSBAR CARTEL","","0","0","MJD22-_-","501","2","0","2","2","20","True"
"1_1782234033395.png","1","2026-06-23 13:00:33","2026-06-23 13:00:32","","","CROSSBAR CARTEL","","0","0","VizPick","334","0","1","2","2","0","True"
"1_1782234033395.png","1","2026-06-23 13:00:33","2026-06-23 13:00:32","","","CROSSBAR CARTEL","","0","0","GTI Vanttzz","234","0","1","1","4","48","True"
"1_1782234033395.png","1","2026-06-23 13:00:33","2026-06-23 13:00:32","","","","CROSSBAR CARTEL","0","0","MegatronMD","331","0","0","2","4","24","True"
"1_1782234033395.png","1","2026-06-23 13:00:33","2026-06-23 13:00:32","","","","CROSSBAR CARTEL","0","0","Burt","206","0","0","0","1","28","True"
"1_1782234033395.png","1","2026-06-23 13:00:33","2026-06-23 13:00:32","","","","CROSSBAR CARTEL","0","0","Dukeofdope7","166","0","0","1","1","0","True"
"1_1782234035638.png","1","2026-06-23 13:00:35","2026-06-23 13:00:34","","","S DECEPTIT4RDS","CROSSBAR CARTEL","0","0","Burt","623","3","1","1","5","40","False"
"1_1782234035638.png","1","2026-06-23 13:00:35","2026-06-23 13:00:34","","","S DECEPTIT4RDS","CROSSBAR CARTEL","0","0","MegatronMD","372","1","1","0","3","36","False"
"1_1782234035638.png","1","2026-06-23 13:00:35","2026-06-23 13:00:34","","","CROSSBAR CARTEL","S DECEPTIT4RDS","0","0","GTI Vanttzz","282","0","0","3","0","36","False"
"1_1782234035638.png","1","2026-06-23 13:00:35","2026-06-23 13:00:34","","","CROSSBAR CARTEL","S DECEPTIT4RDS","0","0","VizPick","247","0","0","1","1","36","False"
"1_1782234035638.png","1","2026-06-23 13:00:35","2026-06-23 13:00:34","","","CROSSBAR CARTEL","S DECEPTIT4RDS","0","0","MJD22-","244","0","0","2","1","0","False"
"1_1782234037348.png","1","2026-06-23 13:00:37","2026-06-23 13:00:36","","","E CROSSBAR CARTEL","DECEPTIT4RDS","0","0","MJD22-_-","579","3","0","1","5","20","False"
"1_1782234037348.png","1","2026-06-23 13:00:37","2026-06-23 13:00:36","","","E CROSSBAR CARTEL","DECEPTIT4RDS","0","0","VizPick","446","2","1","1","4","0","False"
"1_1782234037348.png","1","2026-06-23 13:00:37","2026-06-23 13:00:36","","","E CROSSBAR CARTEL","DECEPTIT4RDS","0","0","GTI Vanttzz","272","1","1","0","2","48","False"
"1_1782234037348.png","1","2026-06-23 13:00:37","2026-06-23 13:00:36","","","DECEPTIT4RDS","E CROSSBAR CARTEL","0","0","Burt","376","2","0","1","5","28","False"
"1_1782234037348.png","1","2026-06-23 13:00:37","2026-06-23 13:00:36","","","DECEPTIT4RDS","E CROSSBAR CARTEL","0","0","MegatronMD","278","0","1","1","3","24","False"
"1_1782234037348.png","1","2026-06-23 13:00:37","2026-06-23 13:00:36","","","DECEPTIT4RDS","E CROSSBAR CARTEL","0","0","Dukeofdope7","228","0","1","2","1","0","False"
"1_1782234038883.png","1","2026-06-23 13:00:38","2026-06-23 13:00:38","","","A DECEPTIT4RDS","CROSSBAR CARTEL","0","1","MegatronMD","553","2","1","2","4","24","False"
"1_1782234038883.png","1","2026-06-23 13:00:38","2026-06-23 13:00:38","","","A DECEPTIT4RDS","CROSSBAR CARTEL","0","1","Burt","401","1","1","2","2","32","False"
"1_1782234038883.png","1","2026-06-23 13:00:38","2026-06-23 13:00:38","","","A DECEPTIT4RDS","CROSSBAR CARTEL","0","1","GTI Dukeofdope7","215","0","1","2","0","36","False"
"1_1782234038883.png","1","2026-06-23 13:00:38","2026-06-23 13:00:38","","","CROSSBAR CARTEL","A DECEPTIT4RDS","1","0","VizPick","313","1","0","1","4","40","False"
"1_1782234038883.png","1","2026-06-23 13:00:38","2026-06-23 13:00:38","","","CROSSBAR CARTEL","A DECEPTIT4RDS","1","0","MJD22-_-","162","0","0","0","6","20","False"
"1_1782234038883.png","1","2026-06-23 13:00:38","2026-06-23 13:00:38","","","CROSSBAR CARTEL","A DECEPTIT4RDS","1","0","Vanttzz","131","0","1","0","0","0","False"
"1_1782234041057.png","1","2026-06-23 13:00:41","2026-06-23 13:00:40","","","S CROSSBAR CARTEL","A DECEPTIT4RDS","0","0","VizPick","488","2","0","1","3","36","False"
"1_1782234041057.png","1","2026-06-23 13:00:41","2026-06-23 13:00:40","","","S CROSSBAR CARTEL","A DECEPTIT4RDS","0","0","GTI Vanttzz","463","2","1","1","1","0","False"
"1_1782234041057.png","1","2026-06-23 13:00:41","2026-06-23 13:00:40","","","S CROSSBAR CARTEL","A DECEPTIT4RDS","0","0","MJD22-_-","330","1","2","1","1","20","False"
"1_1782234041057.png","1","2026-06-23 13:00:41","2026-06-23 13:00:40","","","A DECEPTIT4RDS","S CROSSBAR CARTEL","0","0","MegatronMD","515","3","0","0","6","24","False"
"1_1782234041057.png","1","2026-06-23 13:00:41","2026-06-23 13:00:40","","","A DECEPTIT4RDS","S CROSSBAR CARTEL","0","0","Dukeofdope7","182","0","0","0","1","32","False"
"1_1782234041057.png","1","2026-06-23 13:00:41","2026-06-23 13:00:40","","","A DECEPTIT4RDS","S CROSSBAR CARTEL","0","0","Burt","151","0","1","0","1","28","False"
"2_1782234042453.png","2","2026-06-23 13:00:42","2026-06-23 13:00:42","","","","THE COX","0","1","5","723","2","0","3","5","36","True"
"2_1782234042453.png","2","2026-06-23 13:00:42","2026-06-23 13:00:42","","","","THE COX","0","1","tra","161","0","1","0","2","28","True"
"2_1782234042453.png","2","2026-06-23 13:00:42","2026-06-23 13:00:42","","","THE COX","","1","0","GTI CoalTrainLLC","258","0","0","1","3","36","True"
"2_1782234042453.png","2","2026-06-23 13:00:42","2026-06-23 13:00:42","","","THE COX","","1","0","Hyroshi","176","0","1","0","1","0","True"
"2_1782234043738.png","2","2026-06-23 13:00:43","2026-06-23 13:00:42","","","SUPERNOVA ABYSS","A THE COX","0","0","tra","192","1","0","0","2","36","False"
"2_1782234043738.png","2","2026-06-23 13:00:43","2026-06-23 13:00:42","","","A THE COX","SUPERNOVA ABYSS","0","0","CoalTrainLLC","314","1","0","1","1","28","False"
"2_1782234043738.png","2","2026-06-23 13:00:43","2026-06-23 13:00:42","","","A THE COX","SUPERNOVA ABYSS","0","0","Hyroshi","206","0","1","1","0","0","False"
"2_1782234045643.png","2","2026-06-23 13:00:45","2026-06-23 13:00:44","","","H SUPERNOVA ABYSS","A THE COX","0","0","qu","564","2","1","2","3","36","False"
"2_1782234045643.png","2","2026-06-23 13:00:45","2026-06-23 13:00:44","","","H SUPERNOVA ABYSS","A THE COX","0","0","tra","294","1","1","1","1","28","False"
"2_1782234045643.png","2","2026-06-23 13:00:45","2026-06-23 13:00:44","","","A THE COX","H SUPERNOVA ABYSS","0","0","GTI CoalTrainLLC","238","1","0","0","3","36","False"
"3_1782234048249.png","3","2026-06-23 13:00:48","2026-06-23 13:00:48","","","DECEPTIT4ROS","THE COX","0","0","MegatronMD","227","0","0","1","1","32","False"
"3_1782234048249.png","3","2026-06-23 13:00:48","2026-06-23 13:00:48","","","DECEPTIT4ROS","THE COX","0","0","Dukeofdope7","174","0","0","1","1","44","False"
"3_1782234048249.png","3","2026-06-23 13:00:48","2026-06-23 13:00:48","","","DECEPTIT4ROS","THE COX","0","0","Burt","168","0","0","0","0","36","False"
"3_1782234049339.png","3","2026-06-23 13:00:49","2026-06-23 13:00:48","","","THE COX","DECEPTIT4ROS","0","1","GTI CoalTrainLLC","627","3","2","0","5","28","False"
"3_1782234049339.png","3","2026-06-23 13:00:49","2026-06-23 13:00:48","","","THE COX","DECEPTIT4ROS","0","1","NEMI Nem Hyroshi","235","1","0","1","1","0","False"
"3_1782234049339.png","3","2026-06-23 13:00:49","2026-06-23 13:00:48","","","DECEPTIT4ROS","THE COX","1","0","Burt","301","0","0","2","2","0","False"
"3_1782234049339.png","3","2026-06-23 13:00:49","2026-06-23 13:00:48","","","DECEPTIT4ROS","THE COX","1","0","GTI Dukeofdope7","244","1","0","0","3","44","False"
"3_1782234049339.png","3","2026-06-23 13:00:49","2026-06-23 13:00:48","","","DECEPTIT4ROS","THE COX","1","0","MegatronMD","152","0","0","0","1","32","False"
"3_1782234050387.png","3","2026-06-23 13:00:50","2026-06-23 13:00:50","","","A DECEPTIT4RDS","THE COX","0","0","GTI Dukeofdope7","435","0","0","4","1","40","False"
"3_1782234050387.png","3","2026-06-23 13:00:50","2026-06-23 13:00:50","","","A DECEPTIT4RDS","THE COX","0","0","MegatronMD","420","2","0","1","4","32","False"
"3_1782234050387.png","3","2026-06-23 13:00:50","2026-06-23 13:00:50","","","A DECEPTIT4RDS","THE COX","0","0","Burt","250","1","0","0","2","36","False"
"6_1782234067308.png","6","2026-06-23 13:01:07","2026-06-23 13:01:06","","","","SPIRIT AIRLINES","0","0","selena.","429","2","0","0","44","0","True"
"6_1782234067308.png","6","2026-06-23 13:01:07","2026-06-23 13:01:06","","","SPIRIT AIRLINES","","0","0","CTdail","230","0","0","0","0","0","True"
"6_1782234068972.png","6","2026-06-23 13:01:08","2026-06-23 13:01:08","","","","SPIRIT AIRLINES","0","0","selena.","348","1","0","0","44","0","True"
"6_1782234068972.png","6","2026-06-23 13:01:08","2026-06-23 13:01:08","","","SPIRIT AIRLINES","","0","0","GTdail","519","1","0","0","0","0","True"
"6_1782234068972.png","6","2026-06-23 13:01:08","2026-06-23 13:01:08","","","SPIRIT AIRLINES","","0","0","JulietAlphaRomeo","276","0","0","0","0","0","True"
"6_1782234070083.png","6","2026-06-23 13:01:10","2026-06-23 13:01:10","","","","S P I AIRLINEW","0","0","selena.","182","0","0","0","44","0","True"
"6_1782234070083.png","6","2026-06-23 13:01:10","2026-06-23 13:01:10","","","S P I AIRLINEW","","0","0","JulietAlphaRomeo '26*","533","0","0","0","0","0","True"
"6_1782234070083.png","6","2026-06-23 13:01:10","2026-06-23 13:01:10","","","S P I AIRLINEW","","0","0","GTdail","251","0","0","0","44","0","True"
"7_1782234071878.png","7","2026-06-23 13:01:11","2026-06-23 13:01:10","","","","171","0","0","402","1","3","1","0","0","0","True"
"7_1782234071878.png","7","2026-06-23 13:01:11","2026-06-23 13:01:10","","","171","","0","0","380 1","1","1","3","0","0","0","True"
"7_1782234073047.png","7","2026-06-23 13:01:13","2026-06-23 13:01:12","","","A BLINKER","QUACK WOK","0","0","Squirt","410","1","1","1","1","24","False"
"7_1782234073047.png","7","2026-06-23 13:01:13","2026-06-23 13:01:12","","","A BLINKER","QUACK WOK","0","0","NeonLightning2Ø","341","1","0","2","1","0","False"
"7_1782234073047.png","7","2026-06-23 13:01:13","2026-06-23 13:01:12","","","A BLINKER","QUACK WOK","0","0","Bubbles3913","332","1","0","1","4","56","False"
"7_1782234073047.png","7","2026-06-23 13:01:13","2026-06-23 13:01:12","","","QUACK WOK","A BLINKER","0","0","GTI Original_6_Hawks","418","1","1","1","4","24","False"
"7_1782234073047.png","7","2026-06-23 13:01:13","2026-06-23 13:01:12","","","QUACK WOK","A BLINKER","0","0","GTI LIL HATED ONE","377","1","1","2","3","64","False"
"7_1782234073047.png","7","2026-06-23 13:01:13","2026-06-23 13:01:12","","","QUACK WOK","A BLINKER","0","0","godfatherjones","154","0","0","0","2","28","False"
"7_1782234074808.png","7","2026-06-23 13:01:14","2026-06-23 13:01:14","","","QUACK WOK","HL 6 BLINKER","0","1","godfatherjones","585","0","1","5","1","28","False"
"7_1782234074808.png","7","2026-06-23 13:01:14","2026-06-23 13:01:14","","","QUACK WOK","HL 6 BLINKER","0","1","Original-6-Hawks","389","1","0","1","2","28","False"
"7_1782234074808.png","7","2026-06-23 13:01:14","2026-06-23 13:01:14","","","QUACK WOK","HL 6 BLINKER","0","1","GTI LIL HATED ONE","276","1","1","1","1","32","False"
"7_1782234074808.png","7","2026-06-23 13:01:14","2026-06-23 13:01:14","","","HL 6 BLINKER","QUACK WOK","1","0","Bubbles3913","436","1","0","2","5","0","False"
"7_1782234074808.png","7","2026-06-23 13:01:14","2026-06-23 13:01:14","","","HL 6 BLINKER","QUACK WOK","1","0","Squirt","234","0","0","0","2","28","False"
"7_1782234074808.png","7","2026-06-23 13:01:14","2026-06-23 13:01:14","","","HL 6 BLINKER","QUACK WOK","1","0","NeonLightning2Ø","228","0","1","0","3","56","False"
"7_1782234076629.png","7","2026-06-23 13:01:16","2026-06-23 13:01:16","","","BLINKER","QUACK WOK","0","0","Bubbles3913","477","1","1","2","3","44","False"
"7_1782234076629.png","7","2026-06-23 13:01:16","2026-06-23 13:01:16","","","BLINKER","QUACK WOK","0","0","squirt","392","2","0","0","3","28","False"
"7_1782234076629.png","7","2026-06-23 13:01:16","2026-06-23 13:01:16","","","BLINKER","QUACK WOK","0","0","NeonLightning2Ø","196","1","0","0","3","56","False"
"7_1782234076629.png","7","2026-06-23 13:01:16","2026-06-23 13:01:16","","","QUACK WOK","BLINKER","0","0","GTI godfatherjones","293","0","0","2","2","28","False"
"7_1782234076629.png","7","2026-06-23 13:01:16","2026-06-23 13:01:16","","","QUACK WOK","BLINKER","0","0","LIL HATED ONE","138","0","0","2","1","0","False"
"7_1782234077774.png","7","2026-06-23 13:01:17","2026-06-23 13:01:16","","","L BLINKER","QUACK WOK","0","1","Squirt","432","2","0","1","2","24","False"
"7_1782234077774.png","7","2026-06-23 13:01:17","2026-06-23 13:01:16","","","L BLINKER","QUACK WOK","0","1","Bubbles3913","413","1","1","2","2","56","False"
"7_1782234077774.png","7","2026-06-23 13:01:17","2026-06-23 13:01:16","","","L BLINKER","QUACK WOK","0","1","NeonLightning2Ø","158","0","0","1","1","56","False"
"7_1782234077774.png","7","2026-06-23 13:01:17","2026-06-23 13:01:16","","","QUACK WOK","L BLINKER","1","0","Original_6_Hawks","372","1","0","2","2","32","False"
"7_1782234077774.png","7","2026-06-23 13:01:17","2026-06-23 13:01:16","","","QUACK WOK","L BLINKER","1","0","GTI godfatherjones","246","0","1","0","4","28","False"
"7_1782234077774.png","7","2026-06-23 13:01:17","2026-06-23 13:01:16","","","QUACK WOK","L BLINKER","1","0","LIL HATED ONE","92","0","0","0","1","0","False"
"8_1782234079504.png","8","2026-06-23 13:01:19","2026-06-23 13:01:18","","","A BEST FRIEND CLUB","SPIRIT AIRLINES","0","1","TheLakeEffekt","513","2","0","1","4","44","False"
"8_1782234079504.png","8","2026-06-23 13:01:19","2026-06-23 13:01:18","","","A BEST FRIEND CLUB","SPIRIT AIRLINES","0","1","i-have_a_bag","337","0","0","2","2","0","False"
"8_1782234079504.png","8","2026-06-23 13:01:19","2026-06-23 13:01:18","","","A BEST FRIEND CLUB","SPIRIT AIRLINES","0","1","greenarrowspark2","302","0","1","1","0","36","False"
"8_1782234079504.png","8","2026-06-23 13:01:19","2026-06-23 13:01:18","","","SPIRIT AIRLINES","A BEST FRIEND CLUB","1","0","JulietAlphaRomeo","405","1","0","1","4","0","False"
"8_1782234079504.png","8","2026-06-23 13:01:19","2026-06-23 13:01:18","","","SPIRIT AIRLINES","A BEST FRIEND CLUB","1","0","GTI GTdail","236","0","0","0","2","48","False"
"8_1782234079504.png","8","2026-06-23 13:01:19","2026-06-23 13:01:18","","","SPIRIT AIRLINES","A BEST FRIEND CLUB","1","0","MadJanitor88","194","0","0","0","1","0","False"
"8_1782234080562.png","8","2026-06-23 13:01:20","2026-06-23 13:01:20","","","A BEST FRI ND CLUB","& [GTI GTDAIL","0","1","TheLakeEffekt","564","2","1","3","3","48","False"
"8_1782234080562.png","8","2026-06-23 13:01:20","2026-06-23 13:01:20","","","A BEST FRI ND CLUB","& [GTI GTDAIL","0","1","greenarrowspark2","456","1","0","3","2","36","False"
"8_1782234080562.png","8","2026-06-23 13:01:20","2026-06-23 13:01:20","","","A BEST FRI ND CLUB","& [GTI GTDAIL","0","1","i_have_a_bag","352","0","1","2","3","44","False"
"8_1782234080562.png","8","2026-06-23 13:01:20","2026-06-23 13:01:20","","","& [GTI GTDAIL","A BEST FRI ND CLUB","1","0","GTI GTdail","282","1","0","0","5","0","False"
"8_1782234080562.png","8","2026-06-23 13:01:20","2026-06-23 13:01:20","","","& [GTI GTDAIL","A BEST FRI ND CLUB","1","0","GTI JulietAlphaRomeo","250","0","1","1","2","32","False"
"8_1782234080562.png","8","2026-06-23 13:01:20","2026-06-23 13:01:20","","","& [GTI GTDAIL","A BEST FRI ND CLUB","1","0","MadJanitor88","158","0","0","1","1","52","False"
"8_1782234082195.png","8","2026-06-23 13:01:22","2026-06-23 13:01:22","","","SPIRIT AIRLINES","H BEST FRIEND CLUB","0","0","JulietAlphaRomeo","616","3","2","0","4","28","False"
"8_1782234082195.png","8","2026-06-23 13:01:22","2026-06-23 13:01:22","","","SPIRIT AIRLINES","H BEST FRIEND CLUB","0","0","GTdail","416","1","1","2","3","48","False"
"8_1782234082195.png","8","2026-06-23 13:01:22","2026-06-23 13:01:22","","","SPIRIT AIRLINES","H BEST FRIEND CLUB","0","0","GTI MadJanitor88","316","2","0","0","2","56","False"
"8_1782234082195.png","8","2026-06-23 13:01:22","2026-06-23 13:01:22","","","H BEST FRIEND CLUB","SPIRIT AIRLINES","0","0","010TH i-have_a_bag","493","3","0","1","5","40","False"
"8_1782234082195.png","8","2026-06-23 13:01:22","2026-06-23 13:01:22","","","H BEST FRIEND CLUB","SPIRIT AIRLINES","0","0","greenarrowspark2","351","0","2","1","2","36","False"
"8_1782234082195.png","8","2026-06-23 13:01:22","2026-06-23 13:01:22","","","H BEST FRIEND CLUB","SPIRIT AIRLINES","0","0","TheLakeEffekt","299","1","0","1","3","44","False"
"8_1782234083374.png","8","2026-06-23 13:01:23","2026-06-23 13:01:22","","","SPIRIT AIRLINES","& [OVA] I-HAVE_A_BAG","0","1","JulietAlphaRomeo","541","2","1","1","4","40","False"
"8_1782234083374.png","8","2026-06-23 13:01:23","2026-06-23 13:01:22","","","SPIRIT AIRLINES","& [OVA] I-HAVE_A_BAG","0","1","GTI GTdail","540","2","1","2","3","0","False"
"8_1782234083374.png","8","2026-06-23 13:01:23","2026-06-23 13:01:22","","","& [OVA] I-HAVE_A_BAG","SPIRIT AIRLINES","1","0","i-have_a_bag","302","1","0","1","4","76","False"
"8_1782234083374.png","8","2026-06-23 13:01:23","2026-06-23 13:01:22","","","& [OVA] I-HAVE_A_BAG","SPIRIT AIRLINES","1","0","greenarrowspark2","293","0","1","2","0","28","False"
"8_1782234083374.png","8","2026-06-23 13:01:23","2026-06-23 13:01:22","","","& [OVA] I-HAVE_A_BAG","SPIRIT AIRLINES","1","0","TheLakeEffekt","112","0","0","0","0","40","False"
"8_1782234085320.png","8","2026-06-23 13:01:25","2026-06-23 13:01:24","","","BEST FRIEND CLUB","SPIRIT AIRLINES","0","1","i_have_a_bag","286","1","1","0","2","44","False"
"8_1782234085320.png","8","2026-06-23 13:01:25","2026-06-23 13:01:24","","","BEST FRIEND CLUB","SPIRIT AIRLINES","0","1","greenarrowspark2","285","1","0","0","4","28","False"
"8_1782234085320.png","8","2026-06-23 13:01:25","2026-06-23 13:01:24","","","BEST FRIEND CLUB","SPIRIT AIRLINES","0","1","GTI TheLakeEffekt","235","0","1","1","5","32","False"
"8_1782234085320.png","8","2026-06-23 13:01:25","2026-06-23 13:01:24","","","SPIRIT AIRLINES","BEST FRIEND CLUB","1","0","GTI GTdail","394","1","0","2","1","0","False"
"8_1782234085320.png","8","2026-06-23 13:01:25","2026-06-23 13:01:24","","","SPIRIT AIRLINES","BEST FRIEND CLUB","1","0","GTI JulietAlphaRomeo","363","0","0","4","2","40","False"
"8_1782234085320.png","8","2026-06-23 13:01:25","2026-06-23 13:01:24","","","SPIRIT AIRLINES","BEST FRIEND CLUB","1","0","MadJanitor88","101","0","0","0","0","32","False"
"11_1782234098324.png","11","2026-06-23 13:01:38","2026-06-23 13:01:38","","","THE COX","CROSSBAR CARTEL","0","1","Nem Hyroshi","202","0","0","0","0","3","False"
"11_1782234098324.png","11","2026-06-23 13:01:38","2026-06-23 13:01:38","","","THE COX","CROSSBAR CARTEL","0","1","CoalTrainLLC","132","0","0","0","0","2","False"
"11_1782234098324.png","11","2026-06-23 13:01:38","2026-06-23 13:01:38","","","CROSSBAR CARTEL","THE COX","1","0","MJD22-","601","0","0","0","0","4","False"
"11_1782234098324.png","11","2026-06-23 13:01:38","2026-06-23 13:01:38","","","CROSSBAR CARTEL","THE COX","1","0","VizPick","502","0","0","0","0","1","False"
"11_1782234098324.png","11","2026-06-23 13:01:38","2026-06-23 13:01:38","","","CROSSBAR CARTEL","THE COX","1","0","GTI Vanttzz","152","0","0","0","0","0","False"
"11_1782234099534.png","11","2026-06-23 13:01:39","2026-06-23 13:01:38","","","E THE COX","A CROSSBAR CARTEL","0","0","CoalTrainLLC","689","0","0","0","0","4","False"
"11_1782234099534.png","11","2026-06-23 13:01:39","2026-06-23 13:01:38","","","E THE COX","A CROSSBAR CARTEL","0","0","Nem Hyroshi","227","0","0","0","0","0","False"
"11_1782234099534.png","11","2026-06-23 13:01:39","2026-06-23 13:01:38","","","A CROSSBAR CARTEL","E THE COX","0","0","MJD22-","458","0","0","0","0","6","False"
"11_1782234099534.png","11","2026-06-23 13:01:39","2026-06-23 13:01:38","","","A CROSSBAR CARTEL","E THE COX","0","0","VizPick","258","0","0","0","0","2","False"
"11_1782234099534.png","11","2026-06-23 13:01:39","2026-06-23 13:01:38","","","A CROSSBAR CARTEL","E THE COX","0","0","GTI Vanttzz","182","0","0","0","0","1","False"
"11_1782234101098.png","11","2026-06-23 13:01:41","2026-06-23 13:01:40","","","A THE COX","CROSSBAR CARTEL","0","0","CoalTrainLLC","370","0","0","0","0","4","False"
"11_1782234101098.png","11","2026-06-23 13:01:41","2026-06-23 13:01:40","","","A THE COX","CROSSBAR CARTEL","0","0","Nem Hyroshi","178","0","0","0","0","3","False"
"11_1782234101098.png","11","2026-06-23 13:01:41","2026-06-23 13:01:40","","","CROSSBAR CARTEL","A THE COX","0","0","Q VizPick","342","0","0","0","0","0","False"
"11_1782234101098.png","11","2026-06-23 13:01:41","2026-06-23 13:01:40","","","CROSSBAR CARTEL","A THE COX","0","0","GTI Vanttzz","292","0","0","0","0","1","False"
"11_1782234101098.png","11","2026-06-23 13:01:41","2026-06-23 13:01:40","","","CROSSBAR CARTEL","A THE COX","0","0","MJD22-","220","0","0","0","0","1","False"
"12_1782234102418.png","12","2026-06-23 13:01:42","2026-06-23 13:01:42","","","","LUCKY DEVIL","0","0","squirt","626","2","0","3","3","32","True"
"12_1782234102418.png","12","2026-06-23 13:01:42","2026-06-23 13:01:42","","","","LUCKY DEVIL","0","0","Bubbles3913","312","1","1","0","2","0","True"
"12_1782234105392.png","12","2026-06-23 13:01:45","2026-06-23 13:01:44","","","IN R","LUCKY DEVIL","0","0","squirt","431","1","1","1","3","32","False"
"12_1782234105392.png","12","2026-06-23 13:01:45","2026-06-23 13:01:44","","","IN R","LUCKY DEVIL","0","0","Bubbles3913","368","2","0","0","5","0","False"
"13_1782234106940.png","13","2026-06-23 13:01:46","2026-06-23 13:01:46","","","S ESC","BFC","0","0","Clamp2much","413","0","0","0","0","2","False"
"13_1782234106940.png","13","2026-06-23 13:01:46","2026-06-23 13:01:46","","","S ESC","BFC","0","0","SirSkittleZ","250","0","0","0","0","2","False"
"13_1782234106940.png","13","2026-06-23 13:01:46","2026-06-23 13:01:46","","","BFC","S ESC","0","0","DVA i_ ave_a_ ag","229","0","0","0","0","1","False"
"13_1782234106940.png","13","2026-06-23 13:01:46","2026-06-23 13:01:46","","","BFC","S ESC","0","0","greenarrowspark2","216","0","0","0","0","0","False"
"13_1782234108416.png","13","2026-06-23 13:01:48","2026-06-23 13:01:48","","","ESC","BEC","0","1","SirSkittleZ","406","0","0","0","0","4","False"
"13_1782234108416.png","13","2026-06-23 13:01:48","2026-06-23 13:01:48","","","ESC","BEC","0","1","Clamp2much","320","0","0","0","0","3","False"
"13_1782234108416.png","13","2026-06-23 13:01:48","2026-06-23 13:01:48","","","BEC","ESC","1","0","DVA i ave_a_bag","327","0","0","0","0","2","False"
"13_1782234108416.png","13","2026-06-23 13:01:48","2026-06-23 13:01:48","","","BEC","ESC","1","0","GTITheLakeEffekt","222","0","0","0","0","1","False"
"13_1782234108416.png","13","2026-06-23 13:01:48","2026-06-23 13:01:48","","","BEC","ESC","1","0","greenarrowspark2","156","0","0","0","0","1","False"
"13_1782234110166.png","13","2026-06-23 13:01:50","2026-06-23 13:01:50","","","BEC","ESC","0","1","OM greenarrowspark2","334","0","0","0","0","2","False"
"13_1782234110166.png","13","2026-06-23 13:01:50","2026-06-23 13:01:50","","","BEC","ESC","0","1","UIDVAI Lhave_a_bag","329","0","0","0","0","3","False"
"13_1782234110166.png","13","2026-06-23 13:01:50","2026-06-23 13:01:50","","","ESC","BEC","1","0","EPo","481","0","0","0","0","6","False"
"13_1782234110166.png","13","2026-06-23 13:01:50","2026-06-23 13:01:50","","","ESC","BEC","1","0","Clamp2much","230","0","0","0","0","2","False"
"13_1782234110166.png","13","2026-06-23 13:01:50","2026-06-23 13:01:50","","","ESC","BEC","1","0","SirSkittleZ","160","0","0","0","0","1","False"
"13_1782234113784.png","13","2026-06-23 13:01:53","2026-06-23 13:01:52","","","H ESC","","0","0","Clamp2much","346","0","0","0","0","3","True"
"13_1782234113784.png","13","2026-06-23 13:01:53","2026-06-23 13:01:52","","","H ESC","","0","0","SirSkittleZ","324","0","0","0","0","3","True"
"13_1782234113784.png","13","2026-06-23 13:01:53","2026-06-23 13:01:52","","","","H ESC","0","0","AMOMSlg/eenarrowspark2","485","0","0","0","0","5","True"
"13_1782234113784.png","13","2026-06-23 13:01:53","2026-06-23 13:01:52","","","","H ESC","0","0","GTFheLakeEffekt","217","0","0","0","0","1","True"
"13_1782234113784.png","13","2026-06-23 13:01:53","2026-06-23 13:01:52","","","","H ESC","0","0","L'OVAIChaveLå_bag 010TH","172","0","0","0","0","2","True"
"14_1782234114935.png","14","2026-06-23 13:01:54","2026-06-23 13:01:54","","","A SUPERNOVA ABYSS","PAST OUR PRIME","0","0","tratty","435","0","0","0","0","4","False"
"14_1782234114935.png","14","2026-06-23 13:01:54","2026-06-23 13:01:54","","","A SUPERNOVA ABYSS","PAST OUR PRIME","0","0","G59 -qui-","395","0","0","0","0","4","False"
"14_1782234114935.png","14","2026-06-23 13:01:54","2026-06-23 13:01:54","","","A SUPERNOVA ABYSS","PAST OUR PRIME","0","0","STAR","254","0","0","0","0","1","False"
"14_1782234114935.png","14","2026-06-23 13:01:54","2026-06-23 13:01:54","","","PAST OUR PRIME","A SUPERNOVA ABYSS","0","0","AtownSteelers","481","0","0","0","0","1","False"
"14_1782234114935.png","14","2026-06-23 13:01:54","2026-06-23 13:01:54","","","PAST OUR PRIME","A SUPERNOVA ABYSS","0","0","GTI RoyalxRenegade","445","0","0","0","0","2","False"
"14_1782234114935.png","14","2026-06-23 13:01:54","2026-06-23 13:01:54","","","PAST OUR PRIME","A SUPERNOVA ABYSS","0","0","MerkWTM","165","0","0","0","0","1","False"
"14_1782234116583.png","14","2026-06-23 13:01:56","2026-06-23 13:01:56","","","A PAST OUR PRIME","SUPERNOVA ABYSS","0","0","GTI RoyalxRenegade","401","0","0","0","0","0","False"
"14_1782234116583.png","14","2026-06-23 13:01:56","2026-06-23 13:01:56","","","SUPERNOVA ABYSS","A PAST OUR PRIME","0","0","e¯IGV0] STARZYLRL","228","0","0","0","0","2","False"
"14_1782234116583.png","14","2026-06-23 13:01:56","2026-06-23 13:01:56","","","SUPERNOVA ABYSS","A PAST OUR PRIME","0","0","MRStratty","146","0","0","0","0","1","False"
"14_1782234117544.png","14","2026-06-23 13:01:57","2026-06-23 13:01:56","","","H SUPERNOVA ABYSS","PAST OUR PRIME","0","0","GVOI STARZY_RL","310","0","0","0","0","4","False"
"14_1782234117544.png","14","2026-06-23 13:01:57","2026-06-23 13:01:56","","","H SUPERNOVA ABYSS","PAST OUR PRIME","0","0","MrStratty","102","0","0","0","0","1","False"
"14_1782234117544.png","14","2026-06-23 13:01:57","2026-06-23 13:01:56","","","PAST OUR PRIME","H SUPERNOVA ABYSS","0","0","RoyalxRenegade","659","0","0","0","0","3","False"
"14_1782234117544.png","14","2026-06-23 13:01:57","2026-06-23 13:01:56","","","PAST OUR PRIME","H SUPERNOVA ABYSS","0","0","GTI AtownSteelers","168","0","0","0","0","1","False"
"14_1782234118681.png","14","2026-06-23 13:01:58","2026-06-23 13:01:58","","","H PAST OUR PRIME","SUPERNOVA ABYSS","0","0","RoyalxRenegade","613","0","0","0","0","3","False"
"14_1782234118681.png","14","2026-06-23 13:01:58","2026-06-23 13:01:58","","","H PAST OUR PRIME","SUPERNOVA ABYSS","0","0","AtownSteelers","588","0","0","0","0","2","False"
"14_1782234118681.png","14","2026-06-23 13:01:58","2026-06-23 13:01:58","","","H PAST OUR PRIME","SUPERNOVA ABYSS","0","0","MerkWTM","256","0","0","0","0","2","False"
"14_1782234118681.png","14","2026-06-23 13:01:58","2026-06-23 13:01:58","","","SUPERNOVA ABYSS","H PAST OUR PRIME","0","0","e—lGVO] STAR LRL","310","0","0","0","0","1","False"
"14_1782234118681.png","14","2026-06-23 13:01:58","2026-06-23 13:01:58","","","SUPERNOVA ABYSS","H PAST OUR PRIME","0","0","Q","188","0","0","0","0","5","False"
"14_1782234120277.png","14","2026-06-23 13:02:00","2026-06-23 13:02:00","","","PAST OUR PRIME","SUPERNOVA ABYSS","1","0","RoyalxRenegade","359","0","0","0","0","3","False"
"14_1782234120277.png","14","2026-06-23 13:02:00","2026-06-23 13:02:00","","","PAST OUR PRIME","SUPERNOVA ABYSS","1","0","MerkWTM","271","0","0","0","0","1","False"
"14_1782234120277.png","14","2026-06-23 13:02:00","2026-06-23 13:02:00","","","PAST OUR PRIME","SUPERNOVA ABYSS","1","0","GTI AtownSteelers","191","0","0","0","0","1","False"
"14_1782234120277.png","14","2026-06-23 13:02:00","2026-06-23 13:02:00","","","SUPERNOVA ABYSS","PAST OUR PRIME","0","1","qui-","276","0","0","0","0","1","False"
"14_1782234120277.png","14","2026-06-23 13:02:00","2026-06-23 13:02:00","","","SUPERNOVA ABYSS","PAST OUR PRIME","0","1","MrStratty","152","0","0","0","0","0","False"
"14_1782234120277.png","14","2026-06-23 13:02:00","2026-06-23 13:02:00","","","SUPERNOVA ABYSS","PAST OUR PRIME","0","1","IGVO] STARZYLR","140","0","0","0","0","3","False"
"15_1782234123034.png","15","2026-06-23 13:02:03","2026-06-23 13:02:02","","","BCST","PAST OUR PRIME","0","1","RA Pi 0t- GI","312","0","0","0","0","3","False"
"15_1782234123034.png","15","2026-06-23 13:02:03","2026-06-23 13:02:02","","","PAST OUR PRIME","BCST","1","0","GTI RoyalxRenegade","525","0","0","0","0","2","False"
"15_1782234123034.png","15","2026-06-23 13:02:03","2026-06-23 13:02:02","","","PAST OUR PRIME","BCST","1","0","MerkWTM","216","0","0","0","0","1","False"
"15_1782234123034.png","15","2026-06-23 13:02:03","2026-06-23 13:02:02","","","PAST OUR PRIME","BCST","1","0","GTI AtownSteelers","171","0","0","0","0","1","False"
"15_1782234124811.png","15","2026-06-23 13:02:04","2026-06-23 13:02:04","","","H PAST OUR PRIME","BEST","0","0","RoyalxRenegade","694","0","0","0","0","4","False"
"15_1782234124811.png","15","2026-06-23 13:02:04","2026-06-23 13:02:04","","","H PAST OUR PRIME","BEST","0","0","MerkWTM","587","0","0","0","0","1","False"
"15_1782234124811.png","15","2026-06-23 13:02:04","2026-06-23 13:02:04","","","H PAST OUR PRIME","BEST","0","0","GTI AtownSteelers","334","0","0","0","0","0","False"
"15_1782234124811.png","15","2026-06-23 13:02:04","2026-06-23 13:02:04","","","BEST","H PAST OUR PRIME","0","0","CROCOKYLE","346","0","0","0","0","3","False"
"15_1782234124811.png","15","2026-06-23 13:02:04","2026-06-23 13:02:04","","","BEST","H PAST OUR PRIME","0","0","ÜRANlPi10tLSG","224","0","0","0","0","1","False"
"15_1782234126234.png","15","2026-06-23 13:02:06","2026-06-23 13:02:06","","","A PAST OUR PRIME","BCST","0","0","GTI AtownSteelers","587","0","0","0","0","6","False"
"15_1782234126234.png","15","2026-06-23 13:02:06","2026-06-23 13:02:06","","","A PAST OUR PRIME","BCST","0","0","GTI RoyalxRenegade","475","0","0","0","0","3","False"
"15_1782234126234.png","15","2026-06-23 13:02:06","2026-06-23 13:02:06","","","A PAST OUR PRIME","BCST","0","0","MerkWTM","194","0","0","0","0","0","False"
"15_1782234126234.png","15","2026-06-23 13:02:06","2026-06-23 13:02:06","","","BCST","A PAST OUR PRIME","0","0","CROCOKYL","266","0","0","0","0","3","False"
"15_1782234126234.png","15","2026-06-23 13:02:06","2026-06-23 13:02:06","","","BCST","A PAST OUR PRIME","0","0","RANI PilotLSG","232","0","0","0","0","0","False"
"15_1782234127249.png","15","2026-06-23 13:02:07","2026-06-23 13:02:06","","","PAST","","0","0","GTI RoyalxRenegade","679","0","0","0","0","3","True"
"15_1782234127249.png","15","2026-06-23 13:02:07","2026-06-23 13:02:06","","","PAST","","0","0","AtownSteelers","379","0","0","0","0","0","True"
"15_1782234127249.png","15","2026-06-23 13:02:07","2026-06-23 13:02:06","","","PAST","","0","0","MerkWTM","348","0","0","0","0","1","True"
"15_1782234127249.png","15","2026-06-23 13:02:07","2026-06-23 13:02:06","","","","PAST","0","0","CROCOKYLE","396","0","0","0","0","5","True"
"15_1782234127249.png","15","2026-06-23 13:02:07","2026-06-23 13:02:06","","","","PAST","0","0","GSITGS Lost-Moss","284","0","0","0","0","2","True"
"15_1782234127249.png","15","2026-06-23 13:02:07","2026-06-23 13:02:06","","","","PAST","0","0","RANIPi10€SG","126","0","0","0","0","2","True"
"25_1782234147255.png","25","2026-06-23 13:02:27","2026-06-23 13:02:26","","","","","0","0","i_have_a_bag","639","0","0","0","0","0","True"
"25_1782234147255.png","25","2026-06-23 13:02:27","2026-06-23 13:02:26","","","","","0","0","greenarrowspark2","382","0","0","0","0","0","True"
"25_1782234147255.png","25","2026-06-23 13:02:27","2026-06-23 13:02:26","","","","","0","0","MegatronMD","484","0","0","0","0","0","True"
"25_1782234147255.png","25","2026-06-23 13:02:27","2026-06-23 13:02:26","","","","","0","0","GTI AtownSteeIers","264","0","0","0","0","0","True"
"25_1782234149604.png","25","2026-06-23 13:02:29","2026-06-23 13:02:28","","","","","0","0","greenarrowspark2","236","0","0","0","0","0","True"
"25_1782234149604.png","25","2026-06-23 13:02:29","2026-06-23 13:02:28","","","","","0","0","MegatronMD","256","0","0","0","0","0","True"
"44_1782234190218.jpg","44","2026-06-23 13:03:10","2026-06-23 13:03:10","","","","-1000 AURA","0","0","Ramen","498","0","0","0","0","0","True"
"44_1782234190218.jpg","44","2026-06-23 13:03:10","2026-06-23 13:03:10","","","-1000 AURA","","0","0","GTI Val-enor","502","0","0","0","0","0","True"
"44_1782234190218.jpg","44","2026-06-23 13:03:10","2026-06-23 13:03:10","","","-1000 AURA","","0","0","GTI","278","0","0","0","0","0","True"
"48_1782234196474.png","48","2026-06-23 13:03:16","2026-06-23 13:03:16","","","","","0","0","WAPI Ramen","456","0","0","0","0","0","True"
"48_1782234196474.png","48","2026-06-23 13:03:16","2026-06-23 13:03:16","","","","","0","0","i_have_a_bag","418","0","0","0","0","0","True"
"48_1782234196474.png","48","2026-06-23 13:03:16","2026-06-23 13:03:16","","","","","0","0","GTI JulietAlphaRomeo","349","0","0","0","0","0","True"
"48_1782234196474.png","48","2026-06-23 13:03:16","2026-06-23 13:03:16","","","","","0","0","GTI Dukeofdope7","198","0","0","0","0","0","True"
"48_1782234197341.png","48","2026-06-23 13:03:17","2026-06-23 13:03:16","","","","","0","0","i_have_a_bag","362","1","0","2","2","44","True"
"48_1782234197341.png","48","2026-06-23 13:03:17","2026-06-23 13:03:16","","","","","0","0","GTI CoalTrainLLC","362","1","0","0","5","0","True"
"48_1782234198292.png","48","2026-06-23 13:03:18","2026-06-23 13:03:18","","","","EST. 2015","0","0","WAPI Ramen","588","0","0","0","0","0","True"
"48_1782234198292.png","48","2026-06-23 13:03:18","2026-06-23 13:03:18","","","","EST. 2015","0","0","i_have_a_bag","432","0","0","0","0","0","True"
"48_1782234198292.png","48","2026-06-23 13:03:18","2026-06-23 13:03:18","","","EST. 2015","","0","0","GTI JulietAlphaRomeo","502","0","0","0","0","0","True"
"48_1782234198292.png","48","2026-06-23 13:03:18","2026-06-23 13:03:18","","","EST. 2015","","0","0","S (GTI CoalTrainLLC","300","0","0","0","0","0","True"
"51_1782234213192.png","51","2026-06-23 13:03:33","2026-06-23 13:03:32","","","[GVO] STARZY_RL","","0","0","EPO 372","1","0","2","2","0","0","True"
"51_1782234216166.png","51","2026-06-23 13:03:36","2026-06-23 13:03:36","","","","& [GVO] STARZY_RL","0","0","306","1","0","1","2","0","0","True"
"51_1782234216166.png","51","2026-06-23 13:03:36","2026-06-23 13:03:36","","","& [GVO] STARZY_RL","","0","0","EPO 516","2","0","1","4","0","0","True"
"61_1782234257277.png","61","2026-06-23 13:04:17","2026-06-23 13:04:16","","","BACKSEAT DRIVER","","0","0","GTI CoalTrainLLC","180","0","0","0","0","0","True"
"62_1782234259247.png","62","2026-06-23 13:04:19","2026-06-23 13:04:18","","","","FORCE SENSITIVE","0","0","lGTJTtetAlphaRomeo","220","0","0","0","0","0","True"
"62_1782234259247.png","62","2026-06-23 13:04:19","2026-06-23 13:04:18","","","FORCE SENSITIVE","","0","0","PITCH PIRATE","6","0","0","0","0","0","True"
"63_1782234262538.png","63","2026-06-23 13:04:22","2026-06-23 13:04:22","","","BACKSEAT DRIVER","","0","0","AGTJ&a1TrainLLC","264","0","0","0","0","0","True"
"64_1782234269071.png","64","2026-06-23 13:04:29","2026-06-23 13:04:28","","","335","299","335","299","1 1","2","0","0","0","0","0","False"
"64_1782234271042.png","64","2026-06-23 13:04:31","2026-06-23 13:04:30","","","1","1","247","0","1 1","2","0","0","0","0","0","False"
"64_1782234271042.png","64","2026-06-23 13:04:31","2026-06-23 13:04:30","","","1","1","247","0","1 4","2","0","0","0","0","0","False"
"64_1782234273074.png","64","2026-06-23 13:04:33","2026-06-23 13:04:32","","","1","152","310","0","1","2","0","0","0","0","0","False"
"64_1782234274431.png","64","2026-06-23 13:04:34","2026-06-23 13:04:34","","","291","256","291","256","1 1","1","0","0","0","0","0","False"
"67_1782234286554.png","67","2026-06-23 13:04:46","2026-06-23 13:04:46","","","LI","","0","0","GTI RoyalxRenegade","380","0","0","0","0","0","True"
"67_1782234286554.png","67","2026-06-23 13:04:46","2026-06-23 13:04:46","","","","LI","0","0","AximØv","432","0","0","0","0","0","True"
"67_1782234288594.png","67","2026-06-23 13:04:48","2026-06-23 13:04:48","","","LI","","0","0","AximØv","577","0","0","0","0","0","True"
"67_1782234288594.png","67","2026-06-23 13:04:48","2026-06-23 13:04:48","","","LI","","0","0","heLakeEffekt","388","0","0","0","0","0","True"
"67_1782234288594.png","67","2026-06-23 13:04:48","2026-06-23 13:04:48","","","","LI","0","0","RoyalxRenegade","426","0","0","0","0","0","True"
"67_1782234288594.png","67","2026-06-23 13:04:48","2026-06-23 13:04:48","","","","LI","0","0","GTI gadfatherjones","268","0","0","0","0","0","True"
"67_1782234290679.png","67","2026-06-23 13:04:50","2026-06-23 13:04:50","","","LI","","0","0","o,ximØv","753","0","0","0","0","0","True"
"67_1782234290679.png","67","2026-06-23 13:04:50","2026-06-23 13:04:50","","","","LI","0","0","GTI godfatherjones","504","0","0","0","0","0","True"
"67_1782234290679.png","67","2026-06-23 13:04:50","2026-06-23 13:04:50","","","","LI","0","0","RoyalxRenegade","387","0","0","0","0","0","True"
"67_1782234292682.png","67","2026-06-23 13:04:52","2026-06-23 13:04:52","","","LI","CHIP CHAMP","0","0","ximØv","653","0","0","0","0","0","False"
"67_1782234292682.png","67","2026-06-23 13:04:52","2026-06-23 13:04:52","","","LI","CHIP CHAMP","0","0","selena Q Gomez","354","0","0","0","0","0","False"
"67_1782234292682.png","67","2026-06-23 13:04:52","2026-06-23 13:04:52","","","CHIP CHAMP","LI","0","0","GTI godfatherjones","539","0","0","0","0","0","False"
"67_1782234292682.png","67","2026-06-23 13:04:52","2026-06-23 13:04:52","","","CHIP CHAMP","LI","0","0","GTI RoyalxRenegade","270","0","0","0","0","0","False"
"71_1782234294851.png","71","2026-06-23 13:04:54","2026-06-23 13:04:54","","","","FORCE SENSITIVE","0","0","Coa","360","0","0","0","0","0","True"
"71_1782234294851.png","71","2026-06-23 13:04:54","2026-06-23 13:04:54","","","","FORCE SENSITIVE","0","0","AGTJWtetAlphaRomeo","202","0","0","0","0","0","True"
"71_1782234296864.png","71","2026-06-23 13:04:56","2026-06-23 13:04:56","","","IS THE WAY","","0","0","AGTI JulietAlphaRomeo","286","0","0","0","0","0","True"
"71_1782234298208.png","71","2026-06-23 13:04:58","2026-06-23 13:04:58","","","—THISISTHE WAY","","0","0","IGTI JulietAlphaRomeo","298","0","0","0","0","0","True"
"77_1782234305532.png","77","2026-06-23 13:05:05","2026-06-23 13:05:04","","","SOLID SWIMMER","","0","0","Q","340","0","0","0","0","0","True"
"80_1782234314807.png","80","2026-06-23 13:05:14","2026-06-23 13:05:14","","","","EST. 2015","0","0","tDVÄIChåüéZå_bag","719","0","0","0","0","0","True"
"80_1782234315878.png","80","2026-06-23 13:05:15","2026-06-23 13:05:14","","","","","0","0","ag","340","0","0","0","0","0","True"
"80_1782234317406.png","80","2026-06-23 13:05:17","2026-06-23 13:05:16","","","","","0","0","WIDVAlLhåvéÄbag 010TH","340","0","0","0","0","0","True"
"80_1782234319146.png","80","2026-06-23 13:05:19","2026-06-23 13:05:18","","","","ARE GHALKED","0","0","Q","440","0","0","0","0","0","True"
"80_1782234320359.png","80","2026-06-23 13:05:20","2026-06-23 13:05:20","","","","","0","0","Q","283","0","0","0","0","0","True"
"110_1782234442309.png","110","2026-06-23 13:07:22","2026-06-23 13:07:22","","","D' N' THE V'S","DI THE VS","0","0","G591 KWNSquid","699","3","3","5","0","0","False"
"110_1782234443387.png","110","2026-06-23 13:07:23","2026-06-23 13:07:22","","","OWOULDABEENDOPE (O","'N' THE V'S","0","0","G591 KWNSquid","378","1","0","5","0","0","False"
"110_1782234444150.png","110","2026-06-23 13:07:24","2026-06-23 13:07:24","","","0 00","THE VS","0","0","GTI","393","0","3","276","0","0","False"
"110_1782234444150.png","110","2026-06-23 13:07:24","2026-06-23 13:07:24","","","0 00","THE VS","0","0","G591 KWNSquid","322","1","0","5","0","0","False"
"111_1782234450938.png","111","2026-06-23 13:07:30","2026-06-23 13:07:30","","","212","","0","0","352","1","1","1","3","0","0","True"
